{
    "types":["artifacts","boss","characters","consumables","domains","elements","enemies","materials","nations","weapons"],
    "char" : [{"name":"Albedo","title":"Kreideprinz","vision":"Geo","weapon":"Sword","nation":"Mondstadt","affiliation":"Knights of Favonius","rarity":5}, {"name":"Raiden Shogun","title":"Plane of Euthymia","vision":"Electro","weapon":"Polearm","nation":"Inazuma","affiliation":"Inazuma City","rarity":5}, {"name":"Yelan","title":"Valley Orchid","vision":"Hydro","weapon":"Bow","nation":"Liyue","affiliation":"Yanshang Teahouse","rarity":5}],
    "arti" : ["emblem-of-severed-fate", "heart-of-depth","husk-of-opulent-dreams"],
    "map" : ["inazuma","liyue","mondstadt"],
    "inazuma" : [{"name":"Inazuma","element":"Electro","archon":"Baal","controllingEntity":"Inazuma Bakufu"}],
    "mon" : [{"name":"Mondstadt","element":"Anemo","archon":"Barbatos","controllingEntity":"Knights of Favonius"}],
    "liy" :  [{"name":"Liyue","element":"Geo","archon":"Morax","controllingEntity":"Liyue Qixing"}]
}